placar_casa,placar_visitante,data,round,stage,ano,equipe_casa,equipe_visitante,resultado,Pts_casa,3P_casa,2P_casa,LL_casa,RT_casa,RO_casa,RD_casa,AS_casa,ER_casa,IA%_casa,3PC_casa,3PT_casa,3P%_casa,2PC_casa,2PT_casa,2P%_casa,LLC_casa,LLT_casa,LL%_casa,EN_casa,BR_casa,B/E_casa,TO_casa,FC_casa,T/FC_casa,ET_casa,VI_casa,EF_casa,Pts_visitante,3P_visitante,2P_visitante,LL_visitante,RT_visitante,RO_visitante,RD_visitante,AS_visitante,ER_visitante,IA%_visitante,3PC_visitante,3PT_visitante,3P%_visitante,2PC_visitante,2PT_visitante,2P%_visitante,LLC_visitante,LLT_visitante,LL%_visitante,EN_visitante,BR_visitante,B/E_visitante,TO_visitante,FC_visitante,T/FC_visitante,ET_visitante,VI_visitante,EF_visitante
70,87,2023-10-13,1,1,2023-2024,Flamengo,Minas,0,0.0,0.0,0.0,0.0,0.0,0.0,0.0,0.0,0.0,0.0,0.0,0.0,0.0,0.0,0.0,0.0,0.0,0.0,0.0,0.0,0.0,0.0,0.0,0.0,0.0,0.0,0.0,0.0,0.0,0.0,0.0,0.0,0.0,0.0,0.0,0.0,0.0,0.0,0.0,0.0,0.0,0.0,0.0,0.0,0.0,0.0,0.0,0.0,0.0,0.0,0.0,0.0,0.0,0.0,0.0,0.0
84,71,2023-10-15,1,1,2023-2024,Flamengo,Pato Basquete,1,77.0,22.5,40.0,14.5,37.0,13.0,24.0,15.5,10.5,1.48,7.5,30.0,25.0,20.0,33.5,59.7,14.5,19.0,76.32,1.5,5.5,0.52,1.5,15.0,0.1,10.5,2.5,85.5,0.0,0.0,0.0,0.0,0.0,0.0,0.0,0.0,0.0,0.0,0.0,0.0,0.0,0.0,0.0,0.0,0.0,0.0,0.0,0.0,0.0,0.0,0.0,0.0,0.0,0.0,0.0,0.0
72,84,2023-10-21,1,1,2023-2024,BRB/Brasília,Corinthians,0,0.0,0.0,0.0,0.0,0.0,0.0,0.0,0.0,0.0,0.0,0.0,0.0,0.0,0.0,0.0,0.0,0.0,0.0,0.0,0.0,0.0,0.0,0.0,0.0,0.0,0.0,0.0,0.0,0.0,0.0,0.0,0.0,0.0,0.0,0.0,0.0,0.0,0.0,0.0,0.0,0.0,0.0,0.0,0.0,0.0,0.0,0.0,0.0,0.0,0.0,0.0,0.0,0.0,0.0,0.0,0.0
76,96,2023-10-21,1,1,2023-2024,Botafogo,Minas,0,0.0,0.0,0.0,0.0,0.0,0.0,0.0,0.0,0.0,0.0,0.0,0.0,0.0,0.0,0.0,0.0,0.0,0.0,0.0,0.0,0.0,0.0,0.0,0.0,0.0,0.0,0.0,0.0,91.5,46.5,32.0,13.0,40.5,10.5,30.0,26.5,11.5,2.3,15.5,34.0,45.59,16.0,29.5,54.24,13.0,17.0,76.47,0.5,4.0,0.35,3.5,20.5,0.17,11.5,2.0,118.5
100,92,2023-10-21,1,1,2023-2024,Sesi Franca,São Paulo,1,0.0,0.0,0.0,0.0,0.0,0.0,0.0,0.0,0.0,0.0,0.0,0.0,0.0,0.0,0.0,0.0,0.0,0.0,0.0,0.0,0.0,0.0,0.0,0.0,0.0,0.0,0.0,0.0,0.0,0.0,0.0,0.0,0.0,0.0,0.0,0.0,0.0,0.0,0.0,0.0,0.0,0.0,0.0,0.0,0.0,0.0,0.0,0.0,0.0,0.0,0.0,0.0,0.0,0.0,0.0,0.0
62,69,2023-10-21,1,1,2023-2024,Cerrado,Pinheiros,0,0.0,0.0,0.0,0.0,0.0,0.0,0.0,0.0,0.0,0.0,0.0,0.0,0.0,0.0,0.0,0.0,0.0,0.0,0.0,0.0,0.0,0.0,0.0,0.0,0.0,0.0,0.0,0.0,0.0,0.0,0.0,0.0,0.0,0.0,0.0,0.0,0.0,0.0,0.0,0.0,0.0,0.0,0.0,0.0,0.0,0.0,0.0,0.0,0.0,0.0,0.0,0.0,0.0,0.0,0.0,0.0
58,67,2023-10-23,2,1,2023-2024,Cerrado,Corinthians,0,62.0,15.0,34.0,13.0,36.0,14.0,22.0,11.0,14.0,0.79,5.0,30.0,16.67,17.0,46.0,36.96,13.0,18.0,72.22,2.0,13.0,0.93,4.0,18.0,0.22,14.0,3.0,53.0,84.0,24.0,48.0,12.0,47.0,15.0,32.0,17.0,16.0,1.06,8.0,31.0,25.81,24.0,39.0,61.54,12.0,17.0,70.59,0.0,7.0,0.44,2.0,21.0,0.1,16.0,2.0,98.0
94,76,2023-10-23,2,1,2023-2024,BRB/Brasília,Pinheiros,1,72.0,18.0,40.0,14.0,35.0,9.0,26.0,11.0,16.0,0.69,6.0,21.0,28.57,20.0,43.0,46.51,14.0,21.0,66.67,1.0,9.0,0.56,0.0,19.0,0.0,16.0,6.0,66.0,69.0,30.0,32.0,7.0,49.0,8.0,41.0,23.0,29.0,0.79,10.0,24.0,41.67,16.0,32.0,50.0,7.0,10.0,70.0,1.0,7.0,0.24,3.0,20.0,0.15,29.0,10.0,89.0
89,50,2023-10-23,2,1,2023-2024,Sesi Franca,Paulistano,1,100.0,33.0,44.0,23.0,39.0,10.0,29.0,18.0,17.0,1.06,11.0,28.0,39.29,22.0,37.0,59.46,23.0,26.0,88.46,2.0,6.0,0.35,1.0,23.0,0.04,17.0,5.0,112.0,0.0,0.0,0.0,0.0,0.0,0.0,0.0,0.0,0.0,0.0,0.0,0.0,0.0,0.0,0.0,0.0,0.0,0.0,0.0,0.0,0.0,0.0,0.0,0.0,0.0,0.0,0.0,0.0
60,72,2023-10-23,2,1,2023-2024,R10 Score Vasco da Gama,Minas,0,0.0,0.0,0.0,0.0,0.0,0.0,0.0,0.0,0.0,0.0,0.0,0.0,0.0,0.0,0.0,0.0,0.0,0.0,0.0,0.0,0.0,0.0,0.0,0.0,0.0,0.0,0.0,0.0,91.5,46.5,32.0,13.0,40.5,10.5,30.0,26.5,11.5,2.3,15.5,34.0,45.59,16.0,29.5,54.24,13.0,17.0,76.47,0.5,4.0,0.35,3.5,20.5,0.17,11.5,2.0,118.5
87,66,2023-10-24,2,1,2023-2024,Bauru Basket,São Paulo,1,0.0,0.0,0.0,0.0,0.0,0.0,0.0,0.0,0.0,0.0,0.0,0.0,0.0,0.0,0.0,0.0,0.0,0.0,0.0,0.0,0.0,0.0,0.0,0.0,0.0,0.0,0.0,0.0,92.0,54.0,26.0,12.0,32.0,9.0,23.0,15.0,13.0,1.15,18.0,38.0,47.37,13.0,26.0,50.0,12.0,20.0,60.0,0.0,7.0,0.54,0.0,28.0,0.0,13.0,1.0,92.0
71,79,2023-10-24,2,1,2023-2024,Botafogo,Pato Basquete,0,76.0,42.0,24.0,10.0,32.0,11.0,21.0,14.0,8.0,1.75,14.0,39.0,35.9,12.0,31.0,38.71,10.0,16.0,62.5,0.0,8.0,1.0,2.0,17.0,0.12,8.0,1.0,74.0,71.0,33.0,36.0,2.0,35.0,10.0,25.0,20.0,12.0,1.67,11.0,32.0,34.38,18.0,34.0,52.94,2.0,4.0,50.0,1.0,5.0,0.42,1.0,15.0,0.07,12.0,3.0,81.0
66,82,2023-10-24,2,1,2023-2024,Caxias do Sul Basquete,União Corinthians,0,0.0,0.0,0.0,0.0,0.0,0.0,0.0,0.0,0.0,0.0,0.0,0.0,0.0,0.0,0.0,0.0,0.0,0.0,0.0,0.0,0.0,0.0,0.0,0.0,0.0,0.0,0.0,0.0,0.0,0.0,0.0,0.0,0.0,0.0,0.0,0.0,0.0,0.0,0.0,0.0,0.0,0.0,0.0,0.0,0.0,0.0,0.0,0.0,0.0,0.0,0.0,0.0,0.0,0.0,0.0,0.0
62,68,2023-10-25,2,1,2023-2024,Coop/São José Basketball,UNIFACISA,0,0.0,0.0,0.0,0.0,0.0,0.0,0.0,0.0,0.0,0.0,0.0,0.0,0.0,0.0,0.0,0.0,0.0,0.0,0.0,0.0,0.0,0.0,0.0,0.0,0.0,0.0,0.0,0.0,0.0,0.0,0.0,0.0,0.0,0.0,0.0,0.0,0.0,0.0,0.0,0.0,0.0,0.0,0.0,0.0,0.0,0.0,0.0,0.0,0.0,0.0,0.0,0.0,0.0,0.0,0.0,0.0
63,65,2023-10-25,2,1,2023-2024,Mogi,Fortaleza B. C. / CFO,0,0.0,0.0,0.0,0.0,0.0,0.0,0.0,0.0,0.0,0.0,0.0,0.0,0.0,0.0,0.0,0.0,0.0,0.0,0.0,0.0,0.0,0.0,0.0,0.0,0.0,0.0,0.0,0.0,0.0,0.0,0.0,0.0,0.0,0.0,0.0,0.0,0.0,0.0,0.0,0.0,0.0,0.0,0.0,0.0,0.0,0.0,0.0,0.0,0.0,0.0,0.0,0.0,0.0,0.0,0.0,0.0
75,71,2023-10-26,2,1,2023-2024,Bauru Basket,Paulistano,1,81.0,36.0,35.0,10.0,31.0,7.5,23.5,19.0,13.5,1.41,12.0,31.0,38.71,17.5,32.0,54.69,10.0,12.0,83.33,1.0,10.5,0.78,2.0,16.0,0.13,13.5,4.0,94.5,60.5,13.5,37.0,10.0,38.0,14.0,24.0,11.5,20.5,0.56,4.5,19.0,23.68,18.5,42.0,44.05,10.0,14.0,71.43,1.0,8.0,0.39,1.5,18.0,0.08,20.5,3.5,57.0
71,62,2023-10-26,2,1,2023-2024,R10 Score Vasco da Gama,Pato Basquete,1,65.5,22.5,30.0,13.0,36.0,11.5,24.5,18.0,15.0,1.2,7.5,33.5,22.39,15.0,25.5,58.82,13.0,21.5,60.47,0.5,8.5,0.57,0.0,20.0,0.0,15.0,3.0,68.0,70.75,32.25,32.5,6.0,37.5,10.5,27.0,18.5,14.25,1.35,10.75,33.0,32.63,16.25,29.5,55.47,6.0,10.5,54.41,1.25,6.0,0.42,1.0,17.5,0.060000000000000005,14.25,3.25,79.5
78,82,2023-10-27,2,1,2023-2024,Coop/São José Basketball,Fortaleza B. C. / CFO,0,70.0,21.0,40.0,9.0,36.0,8.5,27.5,14.5,13.5,1.07,7.0,25.0,28.0,20.0,40.5,49.38,9.0,14.5,62.07,0.0,9.5,0.7,1.5,21.5,0.07,13.5,3.0,74.0,73.5,16.5,39.0,18.0,36.5,8.0,28.5,15.5,14.5,1.07,5.5,17.5,31.43,19.5,37.5,52.0,18.0,27.5,65.45,2.0,6.0,0.41,3.0,18.5,0.16,14.5,4.0,80.5
68,82,2023-10-27,2,1,2023-2024,Mogi,UNIFACISA,0,65.5,30.0,28.0,7.5,30.0,6.5,23.5,17.5,15.5,1.13,10.0,23.0,43.48,14.0,30.5,45.9,7.5,13.5,55.56,0.0,5.5,0.35,1.5,20.0,0.08,15.5,2.5,69.0,75.0,27.0,36.0,12.0,38.0,11.0,27.0,19.5,14.5,1.34,9.0,27.5,32.73,18.0,32.0,56.25,12.0,17.0,70.59,2.0,10.5,0.72,3.0,17.5,0.17,14.5,2.5,94.0
82,78,2023-10-28,2,1,2023-2024,União Corinthians,Botafogo,1,82.0,28.5,41.0,12.5,38.0,5.5,32.5,14.5,12.5,1.16,9.5,25.0,38.0,20.5,35.5,57.75,12.5,16.5,75.76,0.5,5.0,0.4,4.0,23.0,0.17,12.5,1.5,96.5,75.25,30.75,34.5,10.0,34.75,10.75,24.0,14.0,10.5,1.415,10.25,33.0,29.985,17.25,34.0,49.760000000000005,10.0,17.0,59.03,0.25,7.5,0.77,2.5,18.25,0.135,10.5,2.5,77.0
65,74,2023-10-30,3,1,2023-2024,União Corinthians,R10 Score Vasco da Gama,0,82.0,28.5,41.0,12.5,38.0,5.5,32.5,14.5,12.5,1.16,9.5,25.0,38.0,20.5,35.5,57.75,12.5,16.5,75.76,0.5,5.0,0.4,4.0,23.0,0.17,12.5,1.5,96.5,65.5,22.5,30.0,13.0,36.0,11.5,24.5,18.0,15.0,1.2,7.5,33.5,22.39,15.0,25.5,58.82,13.0,21.5,60.47,0.5,8.5,0.57,0.0,20.0,0.0,15.0,3.0,68.0
74,67,2023-10-30,3,1,2023-2024,Caxias do Sul Basquete,Botafogo,1,66.0,9.0,36.0,21.0,37.0,10.0,27.0,13.0,10.0,1.3,3.0,10.0,30.0,18.0,52.0,34.62,21.0,33.0,63.64,3.0,10.0,1.0,2.0,19.0,0.11,10.0,3.0,65.0,75.0,27.0,38.0,10.0,35.666666666666664,10.666666666666666,25.0,14.0,11.333333333333334,1.3033333333333335,9.0,31.0,28.013333333333332,19.0,35.0,53.443333333333335,10.0,17.333333333333332,57.873333333333335,0.3333333333333333,7.333333333333333,0.6933333333333334,2.6666666666666665,18.666666666666668,0.14,11.333333333333334,3.0,78.0
83,65,2023-10-31,3,1,2023-2024,Pato Basquete,Cerrado,1,70.66666666666667,32.0,31.333333333333332,7.333333333333333,38.333333333333336,10.666666666666666,27.666666666666668,18.0,15.0,1.2433333333333334,10.666666666666666,33.333333333333336,32.04666666666667,15.666666666666666,28.0,56.31333333333333,7.333333333333333,12.666666666666666,55.879999999999995,1.3333333333333333,6.333333333333333,0.42,1.0,18.333333333333332,0.05666666666666667,15.0,3.3333333333333335,79.0,60.0,13.5,36.0,10.5,45.5,18.5,27.0,11.5,13.0,0.895,4.5,29.5,15.23,18.0,44.5,40.575,10.5,17.0,61.11,1.0,8.0,0.5900000000000001,2.5,18.5,0.135,13.0,2.5,56.5
80,77,2023-10-31,3,1,2023-2024,Fortaleza B. C. / CFO,Bauru Basket,1,73.5,16.5,39.0,18.0,36.5,8.0,28.5,15.5,14.5,1.07,5.5,17.5,31.43,19.5,37.5,52.0,18.0,27.5,65.45,2.0,6.0,0.41,3.0,18.5,0.16,14.5,4.0,80.5,81.0,36.0,35.0,10.0,31.0,7.5,23.5,19.0,13.5,1.41,12.0,31.0,38.71,17.5,32.0,54.69,10.0,12.0,83.33,1.0,10.5,0.78,2.0,16.0,0.13,13.5,4.0,94.5
63,68,2023-11-01,3,1,2023-2024,Caxias do Sul Basquete,R10 Score Vasco da Gama,0,67.25,14.25,33.0,20.0,32.75,9.5,23.25,13.75,11.0,1.255,4.75,17.0,28.54,16.5,42.25,40.385,20.0,30.0,67.005,1.75,9.75,0.895,1.75,19.25,0.095,11.0,2.25,66.25,68.22333333333334,24.666666666666668,30.44333333333333,13.11,37.11,10.666666666666666,26.44333333333333,18.11,16.55666666666667,1.11,8.223333333333334,30.89,27.48,15.223333333333334,27.11,56.43,13.11,21.55666666666667,60.82666666666666,0.6666666666666666,8.556666666666667,0.5266666666666666,1.2233333333333334,21.333333333333332,0.049999999999999996,16.55666666666667,3.6666666666666665,73.66666666666667
71,52,2023-11-02,3,1,2023-2024,Paulistano,São Paulo,1,60.5,13.5,37.0,10.0,38.0,14.0,24.0,11.5,20.5,0.56,4.5,19.0,23.68,18.5,42.0,44.05,10.0,14.0,71.43,1.0,8.0,0.39,1.5,18.0,0.08,20.5,3.5,57.0,79.0,33.0,32.0,14.0,33.5,9.5,24.0,13.0,11.0,1.185,11.0,31.5,31.685,16.0,30.5,52.144999999999996,14.0,20.0,70.0,0.5,6.5,0.605,1.0,20.5,0.075,11.0,0.5,81.0
89,58,2023-11-02,3,1,2023-2024,UNIFACISA,Bauru Basket,1,75.0,27.0,36.0,12.0,38.0,11.0,27.0,19.5,14.5,1.34,9.0,27.5,32.73,18.0,32.0,56.25,12.0,17.0,70.59,2.0,10.5,0.72,3.0,17.5,0.17,14.5,2.5,94.0,76.5,30.5,36.0,10.0,31.333333333333332,8.5,22.833333333333332,15.666666666666666,11.833333333333334,1.2933333333333332,10.166666666666666,29.166666666666668,34.303333333333335,18.0,36.333333333333336,50.53333333333333,10.0,12.166666666666666,82.22,0.6666666666666666,8.5,0.6966666666666667,1.5,16.833333333333332,0.09666666666666668,11.833333333333334,3.0,82.16666666666667
78,80,2023-11-03,3,1,2023-2024,Pato Basquete,BRB/Brasília,0,73.125,30.75,33.25,9.125,37.5,11.0,26.5,17.5,13.625,1.3525,10.25,32.375,31.6625,16.625,29.75,56.1625,9.125,14.0,62.05,1.125,6.125,0.45999999999999996,1.125,18.625,0.0625,13.625,2.75,81.625,83.0,28.5,40.0,14.5,37.0,9.5,27.5,15.5,14.0,1.18,9.5,26.0,35.254999999999995,20.0,39.5,51.035,14.5,20.0,72.81,1.5,9.5,0.6950000000000001,0.5,20.0,0.025,14.0,5.5,90.0
62,79,2023-11-04,3,1,2023-2024,Botafogo,R10 Score Vasco da Gama,0,72.375,24.0,37.75,10.625,37.0,11.125,25.875,13.75,13.75,1.1325,8.0,28.625,26.825,18.875,35.875,52.095,10.625,18.125,58.65,0.5,7.0,0.5925,2.5,20.75,0.12250000000000001,13.75,3.625,73.75,69.58500000000001,25.75,30.665,13.165,37.665,10.25,27.415,18.165,17.335,1.065,8.585,29.585,30.025,15.335,27.915,55.235,13.165,21.585,61.004999999999995,0.75,8.585,0.505,1.835,22.0,0.075,17.335,4.0,76.5
80,73,2023-11-04,3,1,2023-2024,Paulistano,Fortaleza B. C. / CFO,1,65.5,13.5,40.0,12.0,41.5,15.333333333333334,26.166666666666668,14.0,18.5,0.81,4.5,18.666666666666668,24.12,20.0,43.5,45.85333333333333,12.0,17.0,70.81,0.6666666666666666,8.166666666666666,0.4566666666666667,1.6666666666666667,18.333333333333332,0.09000000000000001,18.5,3.3333333333333335,69.66666666666667,74.5,22.5,36.0,16.0,35.833333333333336,7.5,28.333333333333332,15.166666666666666,15.0,1.0166666666666668,7.5,20.166666666666668,35.98666666666667,18.0,34.833333333333336,51.61666666666667,16.0,23.666666666666668,68.63333333333334,1.5,5.333333333333333,0.35666666666666663,2.5,18.666666666666668,0.13333333333333333,15.0,4.0,81.16666666666667
67,55,2023-11-06,4,1,2023-2024,Paulistano,UNIFACISA,1,68.0,13.5,41.5,13.0,43.25,16.0,27.25,15.25,17.5,0.935,4.5,18.5,24.34,20.75,44.25,46.755,13.0,18.5,70.5,0.5,8.25,0.49,1.75,18.5,0.095,17.5,3.25,76.0,79.66666666666667,30.0,36.666666666666664,13.0,43.0,13.333333333333334,29.666666666666668,18.666666666666668,15.0,1.2466666666666668,10.0,28.333333333333332,35.15333333333333,18.333333333333332,33.333333333333336,55.093333333333334,13.0,19.0,68.8,1.3333333333333333,9.0,0.6066666666666666,3.0,17.0,0.17666666666666667,15.0,4.0,99.0
100,69,2023-11-06,4,1,2023-2024,Coop/São José Basketball,Pato Basquete,1,70.0,21.0,40.0,9.0,36.0,8.5,27.5,14.5,13.5,1.07,7.0,25.0,28.0,20.0,40.5,49.38,9.0,14.5,62.07,0.0,9.5,0.7,1.5,21.5,0.07,13.5,3.0,74.0,74.6,30.0,34.4,10.2,37.0,11.2,25.8,17.2,12.8,1.418,10.0,31.8,31.432,17.2,30.8,56.072,10.2,14.8,65.752,1.0,6.0,0.484,1.2,18.8,0.066,12.8,2.4,83.2
70,86,2023-11-06,4,1,2023-2024,São Paulo,Fortaleza B. C. / CFO,0,70.0,29.0,29.333333333333332,11.666666666666666,30.333333333333332,7.666666666666667,22.666666666666668,12.0,10.666666666666666,1.1233333333333333,9.666666666666666,29.666666666666668,30.096666666666664,14.666666666666666,31.333333333333332,46.883333333333326,11.666666666666666,17.333333333333332,66.11,0.3333333333333333,7.0,0.6699999999999999,1.0,21.0,0.06666666666666667,10.666666666666666,1.0,67.33333333333333,75.0,25.5,34.5,15.0,35.5,7.25,28.25,15.0,15.25,0.9900000000000001,8.5,21.5,38.265,17.25,33.5,51.425,15.0,21.75,70.225,1.25,5.0,0.32999999999999996,2.25,18.75,0.12000000000000001,15.25,4.0,81.5
94,67,2023-11-07,4,1,2023-2024,Cerrado,União Corinthians,1,61.666666666666664,14.0,36.0,11.666666666666666,43.0,16.333333333333332,26.666666666666668,11.0,15.0,0.7733333333333334,4.666666666666667,27.0,17.73,18.0,41.333333333333336,44.193333333333335,11.666666666666666,18.0,64.07333333333334,1.3333333333333333,6.333333333333333,0.4466666666666667,1.6666666666666667,17.0,0.09000000000000001,15.0,3.6666666666666665,56.666666666666664,76.33333333333333,28.0,32.666666666666664,15.666666666666666,37.0,7.333333333333333,29.666666666666668,13.333333333333334,14.0,0.9899999999999999,9.333333333333334,24.0,38.97,16.333333333333332,35.0,46.343333333333334,15.666666666666666,20.333333333333332,76.69666666666667,0.3333333333333333,6.333333333333333,0.44333333333333336,3.0,21.666666666666668,0.13,14.0,1.3333333333333333,84.0
93,88,2023-11-07,4,1,2023-2024,Sesi Franca,Corinthians,1,94.5,33.0,41.0,20.5,37.0,8.0,29.0,22.5,15.0,1.57,11.0,26.5,41.644999999999996,20.5,35.0,58.519999999999996,20.5,25.0,81.72999999999999,3.5,8.5,0.6,3.5,21.0,0.18,15.0,3.5,116.5,75.5,19.5,44.0,12.0,43.5,12.5,31.0,14.0,12.5,1.1400000000000001,6.5,26.5,24.27,22.0,41.0,54.025,12.0,17.0,70.59,0.5,6.5,0.555,2.5,18.5,0.14500000000000002,12.5,2.5,85.5
92,69,2023-11-07,4,1,2023-2024,Flamengo,Botafogo,1,77.0,22.5,40.0,14.5,37.0,13.0,24.0,15.5,10.5,1.48,7.5,30.0,25.0,20.0,33.5,59.7,14.5,19.0,76.32,1.5,5.5,0.52,1.5,15.0,0.1,10.5,2.5,85.5,70.8,22.2,37.6,11.0,37.8,11.4,26.4,13.6,15.2,1.03,7.4,27.2,26.112000000000002,18.8,36.4,51.286,11.0,18.6,59.116,0.6,6.8,0.532,2.4,22.0,0.11200000000000002,15.2,4.0,71.2
67,77,2023-11-08,4,1,2023-2024,Coop/São José Basketball,Minas,0,74.5,24.0,38.666666666666664,11.833333333333334,38.666666666666664,10.0,28.666666666666668,15.166666666666666,14.833333333333334,1.0266666666666666,8.0,26.333333333333332,30.159999999999997,19.333333333333332,37.833333333333336,51.38,11.833333333333334,17.833333333333332,65.19,0.16666666666666666,8.666666666666666,0.6,1.8333333333333333,21.0,0.09000000000000001,14.833333333333334,3.6666666666666665,81.16666666666667,85.0,35.0,38.0,12.0,41.333333333333336,11.0,30.333333333333332,23.333333333333332,14.0,1.8299999999999998,11.666666666666666,30.666666666666668,35.95,19.0,33.333333333333336,56.48666666666667,12.0,16.333333333333332,73.20333333333333,1.0,7.666666666666667,0.49666666666666665,2.6666666666666665,18.666666666666668,0.1366666666666667,14.0,3.3333333333333335,108.33333333333333
70,87,2023-11-08,4,1,2023-2024,Mogi,Pato Basquete,0,65.5,30.0,28.0,7.5,30.0,6.5,23.5,17.5,15.5,1.13,10.0,23.0,43.48,14.0,30.5,45.9,7.5,13.5,55.56,0.0,5.5,0.35,1.5,20.0,0.08,15.5,2.5,69.0,76.0,29.4,34.8,11.8,36.2,10.4,25.8,17.5,12.5,1.494,9.8,30.8,31.964,17.4,31.1,56.188,11.8,17.7,66.562,0.9,6.2,0.514,1.0,19.4,0.052000000000000005,12.5,2.3,83.8
94,86,2023-11-08,4,1,2023-2024,São Paulo,UNIFACISA,1,73.0,28.875,30.75,13.375,31.125,8.0,23.125,14.5,10.5,1.3925,9.625,28.5,32.0725,15.375,32.375,47.4875,13.375,18.5,70.60499999999999,0.625,6.25,0.6024999999999999,1.125,21.25,0.0675,10.5,1.125,74.5,77.375,29.25,35.0,13.125,41.0,13.0,28.0,17.25,14.5,1.185,9.75,29.0,33.6225,17.5,32.5,53.82,13.125,18.75,70.35,1.125,7.875,0.5425,3.0,18.75,0.165,14.5,3.625,92.125
77,83,2023-11-09,4,1,2023-2024,Cerrado,Caxias do Sul Basquete,0,67.625,17.25,38.5,11.875,45.625,16.375,29.25,13.75,15.0,0.9475,5.75,27.375,21.1925,19.25,42.875,45.25,11.875,19.25,61.6425,1.5,6.5,0.4525,2.0,18.375,0.1,15.0,3.375,67.875,67.66666666666667,16.0,32.0,19.666666666666668,31.333333333333332,9.333333333333334,22.0,14.0,11.333333333333334,1.24,5.333333333333333,19.333333333333332,28.05333333333333,16.0,39.0,42.306666666666665,19.666666666666668,29.0,68.12666666666667,1.3333333333333333,9.666666666666666,0.86,1.6666666666666667,19.333333333333332,0.09000000000000001,11.333333333333334,2.0,66.66666666666667
80,74,2023-11-09,4,1,2023-2024,Bauru Basket,Corinthians,1,74.25,27.75,36.5,10.0,31.5,9.0,22.5,14.0,11.0,1.2349999999999999,9.25,28.25,32.1,18.25,38.5,48.455,10.0,12.25,81.66499999999999,0.5,7.5,0.655,1.25,17.25,0.08000000000000002,11.0,2.5,76.0,77.33333333333333,21.5,43.333333333333336,12.5,39.833333333333336,11.5,28.333333333333332,14.833333333333334,13.0,1.1533333333333333,7.166666666666667,26.833333333333332,26.483333333333334,21.666666666666668,38.333333333333336,57.23,12.5,18.0,69.56,1.1666666666666667,6.5,0.5233333333333333,2.0,18.166666666666668,0.11666666666666668,13.0,2.5,85.66666666666667
82,92,2023-11-09,4,1,2023-2024,BRB/Brasília,União Corinthians,0,82.0,32.0,36.0,14.0,36.0,9.333333333333334,26.666666666666668,13.666666666666666,13.0,1.09,10.666666666666666,26.333333333333332,39.553333333333335,18.0,36.666666666666664,49.07666666666666,14.0,19.333333333333332,72.61333333333333,1.0,8.333333333333334,0.6466666666666667,0.6666666666666666,20.0,0.03333333333333333,13.0,4.666666666666667,88.0,77.125,26.625,34.0,16.5,36.625,7.875,28.75,13.0,14.0,0.9574999999999999,8.875,23.25,38.155,17.0,36.375,46.485,16.5,20.25,81.27250000000001,0.5,5.375,0.3775,2.375,21.875,0.10250000000000001,14.0,1.125,83.0
68,72,2023-11-09,4,1,2023-2024,Pinheiros,Paulistano,0,72.5,25.5,36.0,11.0,41.5,8.5,33.0,20.5,22.0,0.995,8.5,21.5,39.255,18.0,37.0,48.81,11.0,16.5,67.61,1.0,5.5,0.255,2.0,19.0,0.105,22.0,5.5,82.5,68.3,15.0,40.4,12.9,42.8,15.5,27.3,14.8,16.8,0.9339999999999999,5.0,19.5,25.43,20.2,43.0,46.878,12.9,18.3,70.686,0.8,8.3,0.514,1.6,18.7,0.086,16.8,3.2,76.3
65,68,2023-11-10,4,1,2023-2024,R10 Score Vasco da Gama,Flamengo,0,70.40200000000002,26.4,30.798000000000002,13.197999999999999,37.998000000000005,10.0,27.998,18.198,17.802,1.0379999999999998,8.802000000000001,28.802,31.552,15.402000000000001,28.398000000000003,54.517999999999994,13.197999999999999,21.602,61.112,0.8,8.602,0.492,2.202,22.4,0.09,17.802,4.2,78.2,78.0,22.0,40.0,16.0,40.666666666666664,14.0,26.666666666666668,16.5,11.666666666666666,1.4266666666666667,7.333333333333333,31.333333333333332,23.53,20.0,35.0,57.343333333333334,16.0,20.666666666666668,77.27,2.0,6.833333333333333,0.5733333333333334,1.3333333333333333,15.333333333333334,0.08666666666666667,11.666666666666666,2.5,88.0
70,79,2023-11-10,4,1,2023-2024,Mogi,Minas,0,67.0,29.5,29.0,8.5,30.0,7.166666666666667,22.833333333333332,17.666666666666668,15.166666666666666,1.1666666666666667,9.833333333333334,25.333333333333332,39.54333333333333,14.5,30.0,48.416666666666664,8.5,13.333333333333334,63.96333333333333,0.16666666666666666,4.833333333333333,0.3133333333333333,2.0,22.166666666666668,0.09000000000000001,15.166666666666666,3.1666666666666665,70.5,83.25,31.5,37.25,14.5,40.0,11.375,28.625,21.5,14.0,1.6574999999999998,10.5,29.375,33.825,18.625,32.875,56.255,14.5,19.25,74.545,1.0,7.125,0.47,2.375,19.75,0.12000000000000001,14.0,3.5,102.375
79,86,2023-11-10,4,1,2023-2024,Botafogo,Sesi Franca,0,70.4,18.9,40.2,11.3,38.0,11.1,26.9,14.0,16.6,0.8940000000000001,6.3,25.8,24.244000000000003,20.1,37.0,54.426,11.3,18.3,62.477999999999994,0.7,6.7,0.43200000000000005,2.3,22.6,0.10400000000000001,16.6,4.5,71.4,92.83333333333333,30.5,43.333333333333336,19.0,38.833333333333336,10.5,28.333333333333332,22.666666666666668,14.0,1.6866666666666668,10.166666666666666,27.5,37.36666666666667,21.666666666666668,36.166666666666664,59.79333333333333,19.0,24.0,78.73,3.1666666666666665,7.833333333333333,0.58,3.0,20.666666666666668,0.15333333333333332,14.0,3.5,114.33333333333333
69,77,2023-11-11,4,1,2023-2024,BRB/Brasília,Caxias do Sul Basquete,0,80.375,29.625,37.75,13.0,34.625,8.75,25.875,13.875,12.375,1.1625,9.875,25.875,37.317499999999995,18.875,37.625,50.08,13.0,18.25,71.1275,1.125,8.125,0.6625000000000001,0.875,20.625,0.0425,12.375,4.0,85.5,70.75,17.25,35.0,18.5,36.0,10.625,25.375,15.125,11.875,1.2725,5.75,22.0,26.8725,17.5,40.25,44.23,18.5,27.875,66.4,1.375,9.25,0.7925,1.75,19.625,0.0925,11.875,2.25,72.625
74,70,2023-11-11,4,1,2023-2024,Bauru Basket,Pinheiros,1,74.8,30.9,34.8,9.1,31.6,9.0,22.6,15.3,11.6,1.2799999999999998,10.3,28.7,35.188,17.4,37.0,47.796,9.1,11.7,76.91,0.8,7.2,0.6100000000000001,1.0,17.3,0.06400000000000002,11.6,2.6,77.7,71.33333333333333,28.5,33.0,9.833333333333334,38.333333333333336,8.166666666666666,30.166666666666668,19.333333333333332,19.166666666666668,1.0833333333333333,9.5,24.333333333333332,38.946666666666665,16.5,33.666666666666664,49.20666666666667,9.833333333333334,16.5,60.223333333333336,0.8333333333333334,5.833333333333333,0.33,2.0,17.666666666666668,0.11333333333333333,19.166666666666668,4.166666666666667,79.0
77,65,2023-11-12,5,1,2023-2024,Fortaleza B. C. / CFO,UNIFACISA,1,77.2,25.2,36.0,16.0,36.2,7.8,28.4,16.0,14.6,1.1260000000000001,8.4,21.2,38.612,18.0,34.6,51.910000000000004,16.0,22.2,72.84599999999999,1.6,5.4,0.38,2.4,19.2,0.12400000000000003,14.6,3.2,87.0,76.0,28.8,34.0,13.2,39.8,12.8,27.0,16.4,14.2,1.1480000000000001,9.6,29.4,32.704,17.0,32.0,53.056,13.2,18.6,71.28,1.0,7.2,0.504,3.0,19.8,0.158,14.2,3.4,88.0
74,66,2023-11-13,5,1,2023-2024,União Corinthians,Mogi,1,77.6,25.8,34.8,17.0,36.4,8.2,28.2,12.8,14.0,0.938,8.6,22.8,37.666000000000004,17.4,37.2,46.57,17.0,20.2,84.018,0.6,4.8,0.33799999999999997,2.0,22.0,0.08600000000000001,14.0,1.0,82.4,67.75,29.25,29.5,9.0,30.0,7.5,22.5,17.75,15.0,1.185,9.75,26.5,37.575,14.75,29.75,49.675,9.0,13.25,68.16499999999999,0.25,4.5,0.295,2.25,23.25,0.095,15.0,3.5,71.25
85,88,2023-11-13,5,1,2023-2024,Sesi Franca,Pinheiros,0,92.0,29.25,44.5,18.25,39.75,11.75,28.0,22.75,13.5,1.745,9.75,28.0,35.2275,22.25,36.75,60.43,18.25,23.5,77.23,3.0,7.5,0.5700000000000001,2.75,20.5,0.13999999999999999,13.5,3.5,113.25,70.75,30.0,31.5,9.25,36.75,8.0,28.75,18.75,17.75,1.1275,10.0,25.75,38.792500000000004,15.75,32.0,49.405,9.25,16.5,56.53,0.75,6.0,0.3675,2.0,17.0,0.1175,17.75,3.5,77.25
89,71,2023-11-13,5,1,2023-2024,Flamengo,Cerrado,1,78.5,21.75,40.0,16.75,42.5,14.5,28.0,17.0,12.25,1.4000000000000001,7.25,32.0,22.795,20.0,35.75,56.165,16.75,21.5,77.745,2.25,7.5,0.6000000000000001,1.25,15.5,0.08,12.25,2.5,89.25,71.2,19.2,40.0,12.0,47.2,16.4,30.8,15.4,15.0,1.052,6.4,27.6,23.27,20.0,43.8,45.884,12.0,20.0,60.184000000000005,1.6,6.6,0.45600000000000007,2.2,19.2,0.10600000000000001,15.0,3.2,74.6
73,70,2023-11-14,5,1,2023-2024,Pato Basquete,Bauru Basket,1,77.5,29.1,36.6,11.8,34.4,9.4,25.0,18.4,11.3,1.6979999999999997,9.7,29.4,33.196,18.3,33.2,55.29200000000001,11.8,18.0,65.608,0.7,6.0,0.5439999999999999,0.8,19.0,0.042,11.3,2.1,85.0,74.0,32.4,33.4,8.2,31.8,9.3,22.5,15.6,11.7,1.29,10.8,28.6,36.95399999999999,16.7,36.8,45.89,8.2,11.2,71.82199999999999,1.0,6.3,0.54,0.6,17.6,0.038,11.7,2.4,75.7
81,78,2023-11-14,5,1,2023-2024,Corinthians,São Paulo,1,78.25,22.5,43.0,12.75,38.0,11.0,27.0,15.25,13.25,1.16,7.5,27.0,27.59,21.5,37.0,58.832499999999996,12.75,18.5,69.045,1.5,6.5,0.5075000000000001,1.75,18.0,0.10250000000000001,13.25,2.5,85.75,74.8,28.8,31.6,14.4,31.6,8.2,23.4,16.0,10.4,1.554,9.6,27.8,33.257999999999996,15.8,33.0,47.85,14.4,19.2,73.30199999999999,0.8,5.8,0.5619999999999999,1.2,21.4,0.068,10.4,1.2,78.8
89,78,2023-11-14,5,1,2023-2024,Botafogo,BRB/Brasília,1,70.3,20.1,38.6,11.6,37.1,10.9,26.2,14.4,17.0,0.8920000000000001,6.7,26.8,24.742,19.3,36.4,53.146,11.6,17.6,67.228,0.7,6.8,0.42400000000000004,2.0,22.7,0.09000000000000001,17.0,4.4,70.4,79.4,28.2,38.8,12.4,33.8,8.4,25.4,14.0,12.0,1.206,9.4,25.6,35.976,19.4,38.2,50.682,12.4,17.6,70.236,1.2,8.0,0.672,1.0,21.0,0.048,12.0,3.6,84.0
81,77,2023-11-15,5,1,2023-2024,Caxias do Sul Basquete,Mogi,1,72.6,18.0,36.8,17.8,38.8,11.4,27.4,15.8,12.2,1.292,6.0,23.6,26.163999999999998,18.4,41.0,45.384,17.8,27.2,65.364,1.4,9.0,0.752,1.8,19.8,0.094,12.2,2.4,76.2,68.5,28.2,29.8,10.5,29.6,7.6,22.0,16.9,15.0,1.1280000000000001,9.4,26.5,36.098,14.9,29.3,51.012,10.5,15.0,69.532,0.3,4.9,0.32199999999999995,2.0,23.4,0.08399999999999999,15.0,3.0,70.9
74,78,2023-11-15,5,1,2023-2024,União Corinthians,Coop/São José Basketball,0,76.0,25.8,31.8,18.4,35.7,8.4,27.3,13.0,15.0,0.884,8.6,22.7,37.822,15.9,35.6,44.474000000000004,18.4,21.8,84.78399999999999,0.5,5.4,0.35,1.5,22.0,0.066,15.0,1.6,79.4,76.75,25.5,38.0,13.25,40.0,10.75,29.25,15.5,15.5,1.005,8.5,27.0,31.239999999999995,19.0,36.5,52.38,13.25,19.5,66.75,0.25,8.25,0.5499999999999999,2.0,20.75,0.1,15.5,4.0,84.75
74,71,2023-11-15,5,1,2023-2024,R10 Score Vasco da Gama,Cerrado,1,70.302,24.3,33.198,12.797999999999998,39.598,9.1,30.498,18.997999999999998,17.002000000000002,1.198,8.102,26.302,30.884000000000004,16.602,31.698,52.754,12.797999999999998,20.302,63.68399999999999,1.1,7.302000000000001,0.414,2.802,23.8,0.11199999999999999,17.002000000000002,4.0,81.2,73.134,21.8,39.734,11.6,48.065999999999995,16.6,31.465999999999998,16.4,14.666,1.154,7.266,26.6,27.401999999999997,19.866,42.4,46.86800000000001,11.6,20.734,55.89399999999999,1.334,5.266,0.372,1.866,19.066,0.088,14.666,2.734,79.066
92,55,2023-11-16,5,1,2023-2024,Flamengo,BRB/Brasília,1,80.9,25.2,39.6,16.1,41.8,13.6,28.2,18.4,12.3,1.504,8.4,31.6,26.901999999999997,19.8,34.9,56.996,16.1,20.6,78.078,2.2,7.8,0.624,1.3,15.1,0.086,12.3,2.4,95.1,78.3,31.2,35.6,11.5,33.2,8.5,24.7,14.7,12.0,1.25,10.4,28.0,36.928,17.8,34.9,50.436,11.5,16.8,68.078,1.2,7.1,0.616,1.2,20.8,0.06000000000000001,12.0,3.0,82.5
99,80,2023-11-16,5,1,2023-2024,Minas,Bauru Basket,1,82.2,29.4,36.8,16.0,39.2,11.6,27.6,20.4,14.0,1.5539999999999998,9.8,28.6,32.55,18.4,32.6,56.11600000000001,16.0,21.0,75.35,1.0,6.8,0.454,2.2,20.4,0.11000000000000001,14.0,3.6,98.8,72.8,29.4,35.4,8.0,32.1,9.7,22.4,15.2,11.4,1.292,9.8,27.3,34.926,17.7,39.1,45.296,8.0,11.1,70.80799999999999,1.4,5.7,0.51,0.3,18.0,0.018,11.4,2.0,72.7
87,83,2023-11-16,5,1,2023-2024,Pato Basquete,Sesi Franca,1,79.4,29.1,38.2,12.1,34.7,9.5,25.2,17.7,10.8,1.684,9.7,28.3,34.388,19.1,35.3,54.114,12.1,17.7,68.682,0.9,5.9,0.5519999999999999,0.7,18.3,0.038,10.8,2.3,87.2,90.2,29.4,43.334,17.466,39.334,11.8,27.534000000000002,21.866,13.334,1.686,9.8,28.266,35.0,21.666,36.734,58.89,17.466,22.666,76.612,2.6,7.6,0.5820000000000001,2.534,20.2,0.12999999999999998,13.334,3.3340000000000005,109.46600000000001
75,81,2023-11-17,5,1,2023-2024,Pinheiros,São Paulo,0,72.9,30.3,32.6,10.0,36.2,8.4,27.8,18.3,16.7,1.166,10.1,25.9,38.958000000000006,16.3,32.6,50.096000000000004,10.0,16.9,59.278,1.0,5.9,0.382,1.8,17.4,0.10400000000000001,16.7,3.2,79.4,72.3,23.1,34.6,14.6,31.9,7.6,24.3,16.1,9.6,1.668,7.7,25.5,30.2,17.3,34.7,49.734,14.6,18.2,78.636,1.0,5.0,0.52,1.4,19.7,0.078,9.6,1.0,78.3
82,90,2023-11-17,5,1,2023-2024,Caxias do Sul Basquete,Coop/São José Basketball,0,75.7,21.6,37.6,16.5,38.0,11.5,26.5,17.0,13.5,1.262,7.2,26.4,27.663999999999998,18.8,38.0,49.27,16.5,24.8,66.446,1.2,8.6,0.6479999999999999,1.8,19.3,0.096,13.5,3.2,80.9,78.2,26.4,38.0,13.8,38.7,10.1,28.6,16.2,15.3,1.066,8.8,26.7,32.836,19.0,35.7,53.596000000000004,13.8,20.1,67.622,0.4,8.1,0.5439999999999999,1.9,21.0,0.094,15.3,3.6,86.9
71,79,2023-11-17,5,1,2023-2024,Corinthians,Paulistano,0,77.8,22.2,42.6,13.0,39.3,11.5,27.8,15.5,13.1,1.192,7.4,26.5,27.786,21.3,38.0,56.827999999999996,13.0,18.9,68.894,1.6,6.2,0.48600000000000004,1.8,17.8,0.10600000000000001,13.1,2.7,85.8,70.1,16.5,40.2,13.4,43.4,15.4,28.0,15.1,15.5,1.008,5.5,20.4,26.651999999999997,20.1,42.2,47.542,13.4,19.0,70.686,1.0,8.4,0.5579999999999999,1.5,19.0,0.07999999999999999,15.5,3.1,80.4
74,73,2023-11-18,5,1,2023-2024,Botafogo,Cerrado,1,71.7,22.2,37.0,12.5,36.5,11.1,25.4,15.8,16.9,1.012,7.4,28.0,25.988,18.5,35.5,52.367999999999995,12.5,17.8,71.38,0.6,7.0,0.44400000000000006,1.6,22.7,0.07,16.9,4.6,72.8,75.86800000000001,25.0,38.668000000000006,12.2,45.13199999999999,15.0,30.131999999999998,17.2,14.732,1.214,8.331999999999999,25.8,32.11,19.332,41.6,46.40599999999999,12.2,21.868000000000002,56.048,1.468,5.9319999999999995,0.42400000000000004,2.132,18.732,0.10400000000000001,14.732,2.468,82.13199999999999
71,81,2023-11-18,5,1,2023-2024,Minas,Sesi Franca,0,80.9,25.5,39.0,16.4,38.3,11.5,26.8,19.7,14.1,1.478,8.5,27.2,30.098000000000003,19.5,33.9,57.212,16.4,21.7,74.69,1.1,7.6,0.518,2.2,20.2,0.11200000000000002,14.1,3.5,96.2,86.8,28.8,42.26800000000001,15.732,39.068000000000005,12.2,26.868000000000002,21.932,12.468,1.764,9.6,28.532,33.96,21.131999999999998,36.668000000000006,57.544,15.732,21.332,73.748,2.4,8.0,0.638,2.668,19.4,0.13999999999999999,12.468,2.868,105.93199999999999
79,54,2023-11-19,6,1,2023-2024,R10 Score Vasco da Gama,BRB/Brasília,1,72.002,24.6,34.798,12.598,41.198,8.4,32.798,19.798,16.402,1.324,8.202,25.202,32.12,17.401999999999997,33.598,51.848,12.598,19.202,66.59,2.0,6.601999999999999,0.384,3.6019999999999994,24.4,0.146,16.402,3.4,87.0,72.8,30.0,32.4,10.4,31.8,8.4,23.4,13.6,12.8,1.098,10.0,28.4,35.205999999999996,16.2,33.0,48.38,10.4,16.4,63.464,1.0,6.0,0.506,1.2,20.2,0.062,12.8,2.6,71.4
86,81,2023-11-20,6,1,2023-2024,Mogi,Botafogo,1,69.7,27.0,30.4,12.3,29.2,7.9,21.3,16.1,14.9,1.0820000000000003,9.0,27.2,33.440000000000005,15.2,28.7,53.104000000000006,12.3,16.7,73.41999999999999,0.4,5.1,0.33799999999999997,1.9,24.2,0.07599999999999998,14.9,2.7,71.0,75.1,25.2,37.0,12.9,35.2,10.9,24.3,17.4,15.2,1.2239999999999998,8.4,30.3,27.395999999999997,18.5,34.3,54.14200000000001,12.9,17.5,74.448,0.4,7.4,0.514,1.4,21.2,0.066,15.2,4.5,79.0
95,67,2023-11-20,6,1,2023-2024,Bauru Basket,União Corinthians,1,74.3,29.7,36.8,7.8,32.2,9.5,22.7,16.8,12.1,1.364,9.9,27.1,35.541999999999994,18.4,38.8,47.196,7.8,10.9,70.46,2.0,6.3,0.53,0.3,17.9,0.018,12.1,2.2,77.1,74.4,25.8,28.8,19.8,35.0,8.6,26.4,13.2,16.0,0.8300000000000001,8.6,22.6,37.978,14.4,34.0,42.378,19.8,23.4,85.55,0.4,6.0,0.362,1.0,22.0,0.046000000000000006,16.0,2.2,76.4
89,67,2023-11-20,6,1,2023-2024,São Paulo,Pato Basquete,1,75.0,25.8,35.2,14.0,31.6,6.8,24.8,17.0,9.6,1.768,8.6,25.8,33.416,17.6,34.6,50.760000000000005,14.0,17.2,79.97,1.0,4.4,0.45200000000000007,1.2,21.0,0.057999999999999996,9.6,1.0,82.2,79.3,30.0,37.8,11.5,36.0,9.4,26.6,17.2,11.7,1.5399999999999998,10.0,28.1,35.654,18.9,35.4,53.394000000000005,11.5,17.2,67.408,1.3,6.1,0.5279999999999999,0.5,17.7,0.028000000000000004,11.7,3.0,87.1
87,84,2023-11-21,6,1,2023-2024,Fortaleza B. C. / CFO,Pinheiros,1,77.9,24.3,40.2,13.4,37.5,8.8,28.7,15.9,13.5,1.246,8.1,21.5,36.536,20.1,37.3,53.274,13.4,18.5,70.868,1.4,5.6,0.4539999999999999,2.2,19.3,0.11400000000000002,13.5,2.8,89.9,75.4,30.6,33.6,11.2,33.2,8.8,24.4,17.0,13.4,1.272,10.2,26.4,38.548,16.8,33.2,50.668000000000006,11.2,18.6,59.331999999999994,1.2,5.6,0.422,1.4,17.2,0.08399999999999999,13.4,1.6,79.2
82,64,2023-11-21,6,1,2023-2024,Coop/São José Basketball,Flamengo,1,81.0,28.2,37.6,15.2,38.2,9.9,28.3,17.1,15.5,1.114,9.4,26.8,35.08,18.8,34.1,55.412,15.2,21.7,69.43,0.6,7.7,0.508,1.9,21.1,0.094,15.5,3.4,91.2,83.6,28.5,39.2,15.9,42.2,13.0,29.2,20.1,12.7,1.592,9.5,31.6,30.568,19.6,34.5,57.120000000000005,15.9,20.2,78.696,2.3,8.5,0.664,1.3,14.8,0.088,12.7,2.3,101.7
79,68,2023-11-22,6,1,2023-2024,Paulistano,Pato Basquete,1,73.8,20.4,40.0,13.4,43.4,14.6,28.8,16.2,13.8,1.1800000000000002,6.8,21.6,30.715999999999998,20.0,42.2,47.303999999999995,13.4,18.6,73.066,1.2,9.2,0.6799999999999999,2.4,19.6,0.122,13.8,2.6,89.0,76.7,30.3,35.6,10.8,35.8,9.3,26.5,17.1,12.5,1.434,10.1,28.0,36.104,17.8,34.9,50.867999999999995,10.8,16.2,68.22,1.6,6.2,0.5,0.6,17.0,0.038,12.5,3.2,83.5
94,59,2023-11-22,6,1,2023-2024,Bauru Basket,Caxias do Sul Basquete,1,79.7,31.8,37.8,10.1,33.4,8.9,24.5,19.3,12.9,1.496,10.6,27.3,37.992000000000004,18.9,36.4,51.782,10.1,13.8,70.386,2.4,7.5,0.592,0.9,17.9,0.05,12.9,2.5,90.0,78.3,23.1,39.6,15.6,38.9,11.8,27.1,17.9,14.4,1.25,7.7,26.4,29.748,19.8,38.9,50.85,15.6,23.6,66.182,1.5,8.3,0.586,1.9,18.7,0.10400000000000001,14.4,4.3,85.1
101,56,2023-11-22,6,1,2023-2024,Sesi Franca,União Corinthians,1,85.6,28.2,42.40200000000001,14.998,39.602,13.4,26.201999999999998,20.198,12.402000000000001,1.638,9.4,29.398000000000003,31.978,21.198,37.402,56.574,14.998,20.398,73.576,1.6,7.4,0.594,1.802,19.4,0.094,12.402000000000001,3.002,100.59799999999998,73.7,25.2,31.8,16.7,34.3,8.2,26.1,13.7,15.2,0.908,8.4,24.0,35.31400000000001,15.9,34.7,45.938,16.7,20.1,81.14000000000001,0.5,5.1,0.32599999999999996,1.1,22.2,0.052000000000000005,15.2,2.4,74.9
96,72,2023-11-23,6,1,2023-2024,Coop/São José Basketball,Botafogo,1,84.8,28.8,39.8,16.2,39.5,10.3,29.2,18.8,15.9,1.1960000000000002,9.6,27.2,35.40599999999999,19.9,33.9,58.448,16.2,22.4,72.572,0.9,7.8,0.49800000000000005,1.9,20.9,0.094,15.9,3.3,99.1,77.5,27.6,36.8,13.1,34.2,11.0,23.2,18.0,14.8,1.268,9.2,30.5,30.744,18.4,34.7,53.42,13.1,17.2,76.462,0.2,7.2,0.508,1.4,19.8,0.072,14.8,4.1,81.8
85,78,2023-11-23,6,1,2023-2024,UNIFACISA,Pinheiros,1,74.0,29.4,30.8,13.8,40.0,13.4,26.6,15.3,13.5,1.134,9.8,31.5,31.421999999999997,15.4,30.8,49.498000000000005,13.8,18.6,74.81,0.8,6.1,0.45000000000000007,2.6,19.7,0.13599999999999998,13.5,3.1,82.6,76.4,31.5,35.0,9.9,34.7,10.6,24.1,16.5,12.9,1.28,10.5,28.3,37.144,17.5,33.6,51.826,9.9,16.8,58.42999999999999,1.5,5.8,0.44799999999999995,1.3,17.0,0.078,12.9,1.6,81.0
86,95,2023-11-23,6,1,2023-2024,Mogi,Flamengo,0,73.334,29.2,30.534000000000002,13.6,28.734,8.334,20.4,16.4,14.866,1.104,9.734,28.266,34.392,15.266,28.0,54.54200000000001,13.6,17.534,78.15799999999999,0.466,5.134,0.34199999999999997,1.8,24.4,0.06999999999999999,14.866,3.066,75.334,84.1,28.8,39.6,15.7,40.6,12.3,28.3,20.2,13.0,1.562,9.6,30.9,31.606,19.8,34.6,57.532000000000004,15.7,20.5,76.602,2.6,9.4,0.726,1.5,15.4,0.096,13.0,2.3,101.9
75,83,2023-11-23,6,1,2023-2024,São Paulo,Minas,0,81.0,26.7,39.8,14.5,34.3,8.4,25.9,18.1,9.8,1.85,8.9,26.0,34.327999999999996,19.9,35.5,56.022000000000006,14.5,17.2,84.138,1.2,3.6,0.36400000000000005,1.7,19.5,0.096,9.8,1.0,93.5,79.6,21.6,41.2,16.8,37.4,11.4,26.0,19.0,14.2,1.402,7.2,25.8,27.646000000000004,20.6,35.2,58.30799999999999,16.8,22.4,74.03,1.2,8.4,0.5820000000000001,2.2,20.0,0.11400000000000002,14.2,3.4,93.6
78,65,2023-11-23,6,1,2023-2024,Fortaleza B. C. / CFO,Corinthians,1,79.7,26.7,41.0,12.0,36.0,8.3,27.7,16.4,12.5,1.41,8.9,22.9,38.006,20.5,36.8,55.160000000000004,12.0,16.8,69.356,1.1,5.8,0.52,2.3,18.4,0.132,12.5,2.2,92.6,76.2,21.6,41.2,13.4,38.8,11.2,27.6,15.4,12.4,1.2440000000000002,7.2,25.2,28.338,20.6,38.6,54.282000000000004,13.4,19.6,68.434,2.0,5.8,0.47800000000000004,1.8,17.0,0.11000000000000001,12.4,3.0,83.4
84,53,2023-11-24,6,1,2023-2024,Cerrado,BRB/Brasília,1,77.20200000000001,27.6,38.001999999999995,11.6,45.59799999999999,15.6,29.998,18.4,13.398,1.3679999999999999,9.197999999999999,26.4,35.029999999999994,18.997999999999998,42.4,44.495999999999995,11.6,22.202,52.202,1.202,6.597999999999999,0.49399999999999994,2.598,19.398,0.13,13.398,1.402,85.79799999999999,67.5,25.8,32.0,9.7,31.6,9.0,22.6,13.7,13.3,1.072,8.6,27.8,30.576,16.0,35.1,45.614,9.7,15.8,61.686,1.3,6.2,0.5,1.3,19.6,0.06999999999999999,13.3,2.5,62.6
89,60,2023-11-24,6,1,2023-2024,Sesi Franca,Caxias do Sul Basquete,1,86.7,28.5,44.001999999999995,14.197999999999999,40.702,12.8,27.901999999999997,19.698,13.102,1.5180000000000002,9.5,27.998,34.216,21.997999999999998,38.702,56.55,14.197999999999999,18.997999999999998,75.03,1.8,7.6,0.582,2.102,17.6,0.13799999999999998,13.102,2.602,103.69800000000001,76.5,23.1,40.0,13.4,39.4,12.2,27.2,18.2,15.5,1.19,7.7,26.9,29.238,20.0,39.8,50.26800000000001,13.4,20.4,66.65400000000001,2.2,7.9,0.514,1.9,18.7,0.10400000000000001,15.5,4.7,82.4
76,75,2023-11-25,6,1,2023-2024,UNIFACISA,Corinthians,1,75.1,28.5,33.4,13.2,39.9,12.8,27.1,15.1,13.1,1.1620000000000001,9.5,31.7,30.139999999999997,16.7,32.2,50.812,13.2,17.5,76.344,0.6,5.4,0.418,2.2,19.7,0.11400000000000002,13.1,3.1,82.6,76.8,22.2,40.6,14.0,39.0,11.1,27.9,15.4,13.1,1.176,7.4,25.9,28.498,20.3,37.7,54.589999999999996,14.0,19.9,70.53200000000001,1.9,5.7,0.43200000000000005,1.5,16.8,0.092,13.1,2.9,83.5
79,95,2023-11-25,6,1,2023-2024,Mogi,R10 Score Vasco da Gama,0,76.06800000000001,31.7,30.068,14.3,28.268,8.368,19.9,16.6,15.032,1.104,10.568000000000001,27.932,37.706,15.032,27.6,54.470000000000006,14.3,18.468,77.854,0.43200000000000005,5.5680000000000005,0.368,1.4,23.3,0.057999999999999996,15.032,3.032,78.768,74.668,27.2,35.332,12.132,41.332,9.4,31.932,20.932,15.368,1.4700000000000002,9.068000000000001,26.068,33.922000000000004,17.668,34.432,51.374,12.132,17.668,69.996,2.3,6.068,0.378,3.268,23.5,0.13599999999999998,15.368,3.3,91.6
71,86,2023-11-25,6,1,2023-2024,Paulistano,Minas,0,73.7,22.5,39.0,12.2,41.1,13.6,27.5,15.5,13.0,1.214,7.5,23.2,31.869999999999997,19.5,41.0,47.536,12.2,17.5,70.58,1.4,8.9,0.696,2.7,19.9,0.134,13.0,2.3,86.4,82.1,27.9,37.6,16.6,35.9,11.2,24.7,19.0,12.7,1.52,9.3,26.6,34.67,18.8,33.9,55.388,16.6,21.9,75.096,1.0,6.5,0.52,2.3,20.7,0.11599999999999999,12.7,2.6,95.4
89,73,2023-11-27,7,1,2023-2024,Flamengo,Bauru Basket,1,84.0,29.4,40.0,14.6,36.8,11.0,25.8,19.7,12.6,1.564,9.8,29.4,33.525999999999996,20.0,33.8,59.358000000000004,14.6,19.8,73.93799999999999,2.6,9.5,0.756,1.8,15.8,0.11200000000000002,12.6,2.3,100.6,83.2,29.1,40.8,13.3,34.6,8.6,26.0,19.5,12.6,1.5479999999999998,9.7,26.5,36.032000000000004,20.4,36.8,55.779999999999994,13.3,17.3,74.73400000000001,2.4,8.4,0.6739999999999999,1.6,18.1,0.088,12.6,2.4,97.5
83,71,2023-11-27,7,1,2023-2024,Coop/São José Basketball,R10 Score Vasco da Gama,1,85.9,27.6,42.8,15.5,39.2,9.8,29.4,20.1,15.5,1.3039999999999998,9.2,26.8,34.43599999999999,21.4,35.3,60.284000000000006,15.5,21.1,73.84200000000001,1.1,8.4,0.5479999999999999,1.7,21.0,0.082,15.5,2.8,102.7,77.334,29.8,35.866,11.666,41.465999999999994,10.4,31.065999999999995,22.066,14.334,1.616,9.934000000000001,26.934000000000005,35.724000000000004,17.934,35.266,50.9,11.666,16.134,73.402,2.6,5.534000000000001,0.372,2.934,22.6,0.126,14.334,3.2,96.2
70,62,2023-11-28,7,1,2023-2024,Cerrado,Mogi,1,76.90200000000002,27.0,38.802,11.1,44.298,14.7,29.598000000000003,18.8,13.197999999999999,1.416,8.998,25.1,35.986000000000004,19.398,41.3,46.716,11.1,20.402,55.61800000000001,1.6019999999999999,6.798,0.514,2.798,17.698,0.162,13.197999999999999,1.502,89.09799999999998,78.802,34.2,29.601999999999997,15.0,27.802,8.402000000000001,19.4,16.8,15.197999999999999,1.104,11.402000000000001,27.598000000000003,41.02,14.797999999999998,27.2,54.398,15.0,19.402,77.55,0.398,6.002000000000001,0.394,1.0,22.2,0.046,15.197999999999999,2.998,82.20200000000001
